{
	"sound.apd.dingdong":{
		"sounds": [
           "apd/dingdong"
		]
    },
	"sound.apd.apddoor":{
		"sounds": [
           "apd/apddoor"
		]
    },
	"sound.apd.godoor":{
		"sounds": [
           "apd/godoor"
		]
    },
	"sound.apd.ttcdoor":{
		"sounds": [
           "apd/ttcdoor"
		]
    },
	"sound.apd.eding":{
		"sounds": [
           "apd/eding"
		]
    },
	"sound.apd.edoor":{
		"sounds": [
           "apd/edoor"
		]
    },
	"sound.apd.monrelalert":{
		"sounds": [
           "apd/monrelalert"
		]
    }
}